"county","year","urban_pop_prop","rural_pop_prop","total_population"
"Norrbotten",1975,0.52275951750367,0.47724048249633,273660.292280904
"Västerbotten",1975,0.5130463633267,0.4869536366733,260769.195095325
"Jämtland",1975,0.317390462336503,0.682609537663497,137293.168721798
"Dalarna",1975,0.447580095259946,0.552419904740054,284703.856220313
"Värmland",1975,0.53980072653284,0.46019927346716,288655.3445142
"Västra Götaland",1975,0.647710116393341,0.352289883606659,1397527.66709268
"Västernorrland",1975,0.529195107293252,0.470804892706748,250325.279134403
"Gävleborg",1975,0.514792121411242,0.485207878588758,287483.523940021
"Uppsala",1975,0.521439403556984,0.478560596443016,239926.526018901
"Stockholm",1975,0.888972422460584,0.111027577539416,1446290.82624414
"Södermanland",1975,0.563347669481942,0.436652330518058,232586.105135554
"Östergötland",1975,0.613808230398163,0.386191769601837,389479.804402571
"Kalmar",1975,0.427180980882932,0.572819019117068,246146.008882994
"Blekinge",1975,0.531560229384091,0.468439770615909,132832.028954024
"Skåne",1975,0.659732744029649,0.340267255970351,956143.440960753
"Halland",1975,0.503154264381005,0.496845735618995,244043.256254239
"Gotland",1975,0.393337900091534,0.606662099908466,61622.753837652
"Västmanland",1975,0.685179262544676,0.314820737455324,256341.297342754
"Jönköping",1975,0.554224013525426,0.445775986474574,300307.145125066
"Orebro",1975,0.591464155895568,0.408535844104432,261624.997135994
"Kronoberg",1975,0.456386391070361,0.543613608929639,162777.063860449
"Norrbotten",1976,0.52275951750367,0.47724048249633,273660.292280904
"Västerbotten",1976,0.5130463633267,0.4869536366733,260769.195095325
"Jämtland",1976,0.317390462336503,0.682609537663497,137293.168721798
"Dalarna",1976,0.447580095259946,0.552419904740054,284703.856220313
"Värmland",1976,0.53980072653284,0.46019927346716,288655.3445142
"Västra Götaland",1976,0.647710116393341,0.352289883606659,1397527.66709268
"Västernorrland",1976,0.529195107293252,0.470804892706748,250325.279134403
"Gävleborg",1976,0.514792121411242,0.485207878588758,287483.523940021
"Uppsala",1976,0.521439403556984,0.478560596443016,239926.526018901
"Stockholm",1976,0.888972422460584,0.111027577539416,1446290.82624414
"Södermanland",1976,0.563347669481942,0.436652330518058,232586.105135554
"Östergötland",1976,0.613808230398163,0.386191769601837,389479.804402571
"Kalmar",1976,0.427180980882932,0.572819019117068,246146.008882994
"Blekinge",1976,0.531560229384091,0.468439770615909,132832.028954024
"Skåne",1976,0.659732744029649,0.340267255970351,956143.440960753
"Halland",1976,0.503154264381005,0.496845735618995,244043.256254239
"Gotland",1976,0.393337900091534,0.606662099908466,61622.753837652
"Västmanland",1976,0.685179262544676,0.314820737455324,256341.297342754
"Jönköping",1976,0.554224013525426,0.445775986474574,300307.145125066
"Orebro",1976,0.591464155895568,0.408535844104432,261624.997135994
"Kronoberg",1976,0.456386391070361,0.543613608929639,162777.063860449
"Norrbotten",1977,0.52275951750367,0.47724048249633,273660.292280904
"Västerbotten",1977,0.5130463633267,0.4869536366733,260769.195095325
"Jämtland",1977,0.317390462336503,0.682609537663497,137293.168721798
"Dalarna",1977,0.447580095259946,0.552419904740054,284703.856220313
"Värmland",1977,0.53980072653284,0.46019927346716,288655.3445142
"Västra Götaland",1977,0.647710116393341,0.352289883606659,1397527.66709268
"Västernorrland",1977,0.529195107293252,0.470804892706748,250325.279134403
"Gävleborg",1977,0.514792121411242,0.485207878588758,287483.523940021
"Uppsala",1977,0.521439403556984,0.478560596443016,239926.526018901
"Stockholm",1977,0.888972422460584,0.111027577539416,1446290.82624414
"Södermanland",1977,0.563347669481942,0.436652330518058,232586.105135554
"Östergötland",1977,0.613808230398163,0.386191769601837,389479.804402571
"Kalmar",1977,0.427180980882932,0.572819019117068,246146.008882994
"Blekinge",1977,0.531560229384091,0.468439770615909,132832.028954024
"Skåne",1977,0.659732744029649,0.340267255970351,956143.440960753
"Halland",1977,0.503154264381005,0.496845735618995,244043.256254239
"Gotland",1977,0.393337900091534,0.606662099908466,61622.753837652
"Västmanland",1977,0.685179262544676,0.314820737455324,256341.297342754
"Jönköping",1977,0.554224013525426,0.445775986474574,300307.145125066
"Orebro",1977,0.591464155895568,0.408535844104432,261624.997135994
"Kronoberg",1977,0.456386391070361,0.543613608929639,162777.063860449
"Norrbotten",1978,0.52275951750367,0.47724048249633,273660.292280904
"Västerbotten",1978,0.5130463633267,0.4869536366733,260769.195095325
"Jämtland",1978,0.317390462336503,0.682609537663497,137293.168721798
"Dalarna",1978,0.447580095259946,0.552419904740054,284703.856220313
"Värmland",1978,0.53980072653284,0.46019927346716,288655.3445142
"Västra Götaland",1978,0.647710116393341,0.352289883606659,1397527.66709268
"Västernorrland",1978,0.529195107293252,0.470804892706748,250325.279134403
"Gävleborg",1978,0.514792121411242,0.485207878588758,287483.523940021
"Uppsala",1978,0.521439403556984,0.478560596443016,239926.526018901
"Stockholm",1978,0.888972422460584,0.111027577539416,1446290.82624414
"Södermanland",1978,0.563347669481942,0.436652330518058,232586.105135554
"Östergötland",1978,0.613808230398163,0.386191769601837,389479.804402571
"Kalmar",1978,0.427180980882932,0.572819019117068,246146.008882994
"Blekinge",1978,0.531560229384091,0.468439770615909,132832.028954024
"Skåne",1978,0.659732744029649,0.340267255970351,956143.440960753
"Halland",1978,0.503154264381005,0.496845735618995,244043.256254239
"Gotland",1978,0.393337900091534,0.606662099908466,61622.753837652
"Västmanland",1978,0.685179262544676,0.314820737455324,256341.297342754
"Jönköping",1978,0.554224013525426,0.445775986474574,300307.145125066
"Orebro",1978,0.591464155895568,0.408535844104432,261624.997135994
"Kronoberg",1978,0.456386391070361,0.543613608929639,162777.063860449
"Norrbotten",1979,0.52275951750367,0.47724048249633,273660.292280904
"Västerbotten",1979,0.5130463633267,0.4869536366733,260769.195095325
"Jämtland",1979,0.317390462336503,0.682609537663497,137293.168721798
"Dalarna",1979,0.447580095259946,0.552419904740054,284703.856220313
"Värmland",1979,0.53980072653284,0.46019927346716,288655.3445142
"Västra Götaland",1979,0.647710116393341,0.352289883606659,1397527.66709268
"Västernorrland",1979,0.529195107293252,0.470804892706748,250325.279134403
"Gävleborg",1979,0.514792121411242,0.485207878588758,287483.523940021
"Uppsala",1979,0.521439403556984,0.478560596443016,239926.526018901
"Stockholm",1979,0.888972422460584,0.111027577539416,1446290.82624414
"Södermanland",1979,0.563347669481942,0.436652330518058,232586.105135554
"Östergötland",1979,0.613808230398163,0.386191769601837,389479.804402571
"Kalmar",1979,0.427180980882932,0.572819019117068,246146.008882994
"Blekinge",1979,0.531560229384091,0.468439770615909,132832.028954024
"Skåne",1979,0.659732744029649,0.340267255970351,956143.440960753
"Halland",1979,0.503154264381005,0.496845735618995,244043.256254239
"Gotland",1979,0.393337900091534,0.606662099908466,61622.753837652
"Västmanland",1979,0.685179262544676,0.314820737455324,256341.297342754
"Jönköping",1979,0.554224013525426,0.445775986474574,300307.145125066
"Orebro",1979,0.591464155895568,0.408535844104432,261624.997135994
"Kronoberg",1979,0.456386391070361,0.543613608929639,162777.063860449
"Norrbotten",1980,0.511480567421255,0.488519432578745,272427.417112076
"Västerbotten",1980,0.5117163603093,0.4882836396907,262973.638973949
"Jämtland",1980,0.316941997853435,0.683058002146565,137533.538966054
"Dalarna",1980,0.444135806504245,0.555864193495755,286937.540526148
"Värmland",1980,0.538475906336657,0.461524093663343,290131.173145059
"Västra Götaland",1980,0.644250809242015,0.355749190757985,1403318.35979062
"Västernorrland",1980,0.524059382152007,0.475940617847993,250487.320913182
"Gävleborg",1980,0.512729403109559,0.487270596890441,289121.837704618
"Uppsala",1980,0.526521960240526,0.473478039759474,250547.651234727
"Stockholm",1980,0.887390081657753,0.112609918342247,1452062.13880703
"Södermanland",1980,0.559714917615257,0.440285082384743,239178.333374591
"Östergötland",1980,0.608078149536387,0.391921850463613,393922.664101332
"Kalmar",1980,0.406177122429877,0.593822877570123,246782.235492781
"Blekinge",1980,0.528995519717372,0.471004480282628,135209.31810117
"Skåne",1980,0.648481075143,0.351518924857,967546.662577685
"Halland",1980,0.503268533150496,0.496731466849504,252963.568340988
"Gotland",1980,0.392120808689396,0.607879191310604,61673.6173415026
"Västmanland",1980,0.684534280444295,0.315465719555705,261327.101472137
"Jönköping",1980,0.558250908396343,0.441749091603657,306168.965075855
"Orebro",1980,0.586937174068411,0.413062825931589,267059.207092893
"Kronoberg",1980,0.459895752209114,0.540104247790886,167056.491735269
"Norrbotten",1981,0.511480567421255,0.488519432578745,272427.417112076
"Västerbotten",1981,0.5117163603093,0.4882836396907,262973.638973949
"Jämtland",1981,0.316941997853435,0.683058002146565,137533.538966054
"Dalarna",1981,0.444135806504245,0.555864193495755,286937.540526148
"Värmland",1981,0.538475906336657,0.461524093663343,290131.173145059
"Västra Götaland",1981,0.644250809242015,0.355749190757985,1403318.35979062
"Västernorrland",1981,0.524059382152007,0.475940617847993,250487.320913182
"Gävleborg",1981,0.512729403109559,0.487270596890441,289121.837704618
"Uppsala",1981,0.526521960240526,0.473478039759474,250547.651234727
"Stockholm",1981,0.887390081657753,0.112609918342247,1452062.13880703
"Södermanland",1981,0.559714917615257,0.440285082384743,239178.333374591
"Östergötland",1981,0.608078149536387,0.391921850463613,393922.664101332
"Kalmar",1981,0.406177122429877,0.593822877570123,246782.235492781
"Blekinge",1981,0.528995519717372,0.471004480282628,135209.31810117
"Skåne",1981,0.648481075143,0.351518924857,967546.662577685
"Halland",1981,0.503268533150496,0.496731466849504,252963.568340988
"Gotland",1981,0.392120808689396,0.607879191310604,61673.6173415026
"Västmanland",1981,0.684534280444295,0.315465719555705,261327.101472137
"Jönköping",1981,0.558250908396343,0.441749091603657,306168.965075855
"Orebro",1981,0.586937174068411,0.413062825931589,267059.207092893
"Kronoberg",1981,0.459895752209114,0.540104247790886,167056.491735269
"Norrbotten",1982,0.511480567421255,0.488519432578745,272427.417112076
"Västerbotten",1982,0.5117163603093,0.4882836396907,262973.638973949
"Jämtland",1982,0.316941997853435,0.683058002146565,137533.538966054
"Dalarna",1982,0.444135806504245,0.555864193495755,286937.540526148
"Värmland",1982,0.538475906336657,0.461524093663343,290131.173145059
"Västra Götaland",1982,0.644250809242015,0.355749190757985,1403318.35979062
"Västernorrland",1982,0.524059382152007,0.475940617847993,250487.320913182
"Gävleborg",1982,0.512729403109559,0.487270596890441,289121.837704618
"Uppsala",1982,0.526521960240526,0.473478039759474,250547.651234727
"Stockholm",1982,0.887390081657753,0.112609918342247,1452062.13880703
"Södermanland",1982,0.559714917615257,0.440285082384743,239178.333374591
"Östergötland",1982,0.608078149536387,0.391921850463613,393922.664101332
"Kalmar",1982,0.406177122429877,0.593822877570123,246782.235492781
"Blekinge",1982,0.528995519717372,0.471004480282628,135209.31810117
"Skåne",1982,0.648481075143,0.351518924857,967546.662577685
"Halland",1982,0.503268533150496,0.496731466849504,252963.568340988
"Gotland",1982,0.392120808689396,0.607879191310604,61673.6173415026
"Västmanland",1982,0.684534280444295,0.315465719555705,261327.101472137
"Jönköping",1982,0.558250908396343,0.441749091603657,306168.965075855
"Orebro",1982,0.586937174068411,0.413062825931589,267059.207092893
"Kronoberg",1982,0.459895752209114,0.540104247790886,167056.491735269
"Norrbotten",1983,0.511480567421255,0.488519432578745,272427.417112076
"Västerbotten",1983,0.5117163603093,0.4882836396907,262973.638973949
"Jämtland",1983,0.316941997853435,0.683058002146565,137533.538966054
"Dalarna",1983,0.444135806504245,0.555864193495755,286937.540526148
"Värmland",1983,0.538475906336657,0.461524093663343,290131.173145059
"Västra Götaland",1983,0.644250809242015,0.355749190757985,1403318.35979062
"Västernorrland",1983,0.524059382152007,0.475940617847993,250487.320913182
"Gävleborg",1983,0.512729403109559,0.487270596890441,289121.837704618
"Uppsala",1983,0.526521960240526,0.473478039759474,250547.651234727
"Stockholm",1983,0.887390081657753,0.112609918342247,1452062.13880703
"Södermanland",1983,0.559714917615257,0.440285082384743,239178.333374591
"Östergötland",1983,0.608078149536387,0.391921850463613,393922.664101332
"Kalmar",1983,0.406177122429877,0.593822877570123,246782.235492781
"Blekinge",1983,0.528995519717372,0.471004480282628,135209.31810117
"Skåne",1983,0.648481075143,0.351518924857,967546.662577685
"Halland",1983,0.503268533150496,0.496731466849504,252963.568340988
"Gotland",1983,0.392120808689396,0.607879191310604,61673.6173415026
"Västmanland",1983,0.684534280444295,0.315465719555705,261327.101472137
"Jönköping",1983,0.558250908396343,0.441749091603657,306168.965075855
"Orebro",1983,0.586937174068411,0.413062825931589,267059.207092893
"Kronoberg",1983,0.459895752209114,0.540104247790886,167056.491735269
"Norrbotten",1984,0.511480567421255,0.488519432578745,272427.417112076
"Västerbotten",1984,0.5117163603093,0.4882836396907,262973.638973949
"Jämtland",1984,0.316941997853435,0.683058002146565,137533.538966054
"Dalarna",1984,0.444135806504245,0.555864193495755,286937.540526148
"Värmland",1984,0.538475906336657,0.461524093663343,290131.173145059
"Västra Götaland",1984,0.644250809242015,0.355749190757985,1403318.35979062
"Västernorrland",1984,0.524059382152007,0.475940617847993,250487.320913182
"Gävleborg",1984,0.512729403109559,0.487270596890441,289121.837704618
"Uppsala",1984,0.526521960240526,0.473478039759474,250547.651234727
"Stockholm",1984,0.887390081657753,0.112609918342247,1452062.13880703
"Södermanland",1984,0.559714917615257,0.440285082384743,239178.333374591
"Östergötland",1984,0.608078149536387,0.391921850463613,393922.664101332
"Kalmar",1984,0.406177122429877,0.593822877570123,246782.235492781
"Blekinge",1984,0.528995519717372,0.471004480282628,135209.31810117
"Skåne",1984,0.648481075143,0.351518924857,967546.662577685
"Halland",1984,0.503268533150496,0.496731466849504,252963.568340988
"Gotland",1984,0.392120808689396,0.607879191310604,61673.6173415026
"Västmanland",1984,0.684534280444295,0.315465719555705,261327.101472137
"Jönköping",1984,0.558250908396343,0.441749091603657,306168.965075855
"Orebro",1984,0.586937174068411,0.413062825931589,267059.207092893
"Kronoberg",1984,0.459895752209114,0.540104247790886,167056.491735269
"Norrbotten",1985,0.51041239908331,0.48958760091669,266833.681167449
"Västerbotten",1985,0.509594830766099,0.490405169233901,260967.18947451
"Jämtland",1985,0.31676885696959,0.68323114303041,135515.075588288
"Dalarna",1985,0.442483315981081,0.557516684018919,284570.930200816
"Värmland",1985,0.537199435046413,0.462800564953587,286900.519670281
"Västra Götaland",1985,0.643260708477474,0.356739291522526,1413726.49924974
"Västernorrland",1985,0.518036959067075,0.481963040932925,246553.080249525
"Gävleborg",1985,0.510900257115088,0.489099742884912,286097.785468182
"Uppsala",1985,0.554924645439966,0.445075354560034,258115.582454941
"Stockholm",1985,0.886032742244051,0.113967257755949,1496601.02485146
"Södermanland",1985,0.557219593694296,0.442780406305704,242396.13083002
"Östergötland",1985,0.608371971403287,0.391628028596713,396641.201645012
"Kalmar",1985,0.404902732407121,0.595097267592879,243398.729995295
"Blekinge",1985,0.526197953404906,0.473802046595094,135528.687058692
"Skåne",1985,0.644500006320612,0.355499993679388,989565.810764143
"Halland",1985,0.503915420411615,0.496084579588385,258802.206710622
"Gotland",1985,0.391086598768852,0.608913401231148,60714.6344902271
"Västmanland",1985,0.681974289759969,0.318025710240031,262359.396326719
"Jönköping",1985,0.557852592792238,0.442147407207762,307395.453788019
"Orebro",1985,0.582834135816724,0.417165864183275,268474.827149717
"Kronoberg",1985,0.460387713854146,0.539612286145854,168912.283322556
"Norrbotten",1986,0.51041239908331,0.48958760091669,266833.681167449
"Västerbotten",1986,0.509594830766099,0.490405169233901,260967.18947451
"Jämtland",1986,0.31676885696959,0.68323114303041,135515.075588288
"Dalarna",1986,0.442483315981081,0.557516684018919,284570.930200816
"Värmland",1986,0.537199435046413,0.462800564953587,286900.519670281
"Västra Götaland",1986,0.643260708477474,0.356739291522526,1413726.49924974
"Västernorrland",1986,0.518036959067075,0.481963040932925,246553.080249525
"Gävleborg",1986,0.510900257115088,0.489099742884912,286097.785468182
"Uppsala",1986,0.554924645439966,0.445075354560034,258115.582454941
"Stockholm",1986,0.886032742244051,0.113967257755949,1496601.02485146
"Södermanland",1986,0.557219593694296,0.442780406305704,242396.13083002
"Östergötland",1986,0.608371971403287,0.391628028596713,396641.201645012
"Kalmar",1986,0.404902732407121,0.595097267592879,243398.729995295
"Blekinge",1986,0.526197953404906,0.473802046595094,135528.687058692
"Skåne",1986,0.644500006320612,0.355499993679388,989565.810764143
"Halland",1986,0.503915420411615,0.496084579588385,258802.206710622
"Gotland",1986,0.391086598768852,0.608913401231148,60714.6344902271
"Västmanland",1986,0.681974289759969,0.318025710240031,262359.396326719
"Jönköping",1986,0.557852592792238,0.442147407207762,307395.453788019
"Orebro",1986,0.582834135816724,0.417165864183275,268474.827149717
"Kronoberg",1986,0.460387713854146,0.539612286145854,168912.283322556
"Norrbotten",1987,0.51041239908331,0.48958760091669,266833.681167449
"Västerbotten",1987,0.509594830766099,0.490405169233901,260967.18947451
"Jämtland",1987,0.31676885696959,0.68323114303041,135515.075588288
"Dalarna",1987,0.442483315981081,0.557516684018919,284570.930200816
"Värmland",1987,0.537199435046413,0.462800564953587,286900.519670281
"Västra Götaland",1987,0.643260708477474,0.356739291522526,1413726.49924974
"Västernorrland",1987,0.518036959067075,0.481963040932925,246553.080249525
"Gävleborg",1987,0.510900257115088,0.489099742884912,286097.785468182
"Uppsala",1987,0.554924645439966,0.445075354560034,258115.582454941
"Stockholm",1987,0.886032742244051,0.113967257755949,1496601.02485146
"Södermanland",1987,0.557219593694296,0.442780406305704,242396.13083002
"Östergötland",1987,0.608371971403287,0.391628028596713,396641.201645012
"Kalmar",1987,0.404902732407121,0.595097267592879,243398.729995295
"Blekinge",1987,0.526197953404906,0.473802046595094,135528.687058692
"Skåne",1987,0.644500006320612,0.355499993679388,989565.810764143
"Halland",1987,0.503915420411615,0.496084579588385,258802.206710622
"Gotland",1987,0.391086598768852,0.608913401231148,60714.6344902271
"Västmanland",1987,0.681974289759969,0.318025710240031,262359.396326719
"Jönköping",1987,0.557852592792238,0.442147407207762,307395.453788019
"Orebro",1987,0.582834135816724,0.417165864183275,268474.827149717
"Kronoberg",1987,0.460387713854146,0.539612286145854,168912.283322556
"Norrbotten",1988,0.51041239908331,0.48958760091669,266833.681167449
"Västerbotten",1988,0.509594830766099,0.490405169233901,260967.18947451
"Jämtland",1988,0.31676885696959,0.68323114303041,135515.075588288
"Dalarna",1988,0.442483315981081,0.557516684018919,284570.930200816
"Värmland",1988,0.537199435046413,0.462800564953587,286900.519670281
"Västra Götaland",1988,0.643260708477474,0.356739291522526,1413726.49924974
"Västernorrland",1988,0.518036959067075,0.481963040932925,246553.080249525
"Gävleborg",1988,0.510900257115088,0.489099742884912,286097.785468182
"Uppsala",1988,0.554924645439966,0.445075354560034,258115.582454941
"Stockholm",1988,0.886032742244051,0.113967257755949,1496601.02485146
"Södermanland",1988,0.557219593694296,0.442780406305704,242396.13083002
"Östergötland",1988,0.608371971403287,0.391628028596713,396641.201645012
"Kalmar",1988,0.404902732407121,0.595097267592879,243398.729995295
"Blekinge",1988,0.526197953404906,0.473802046595094,135528.687058692
"Skåne",1988,0.644500006320612,0.355499993679388,989565.810764143
"Halland",1988,0.503915420411615,0.496084579588385,258802.206710622
"Gotland",1988,0.391086598768852,0.608913401231148,60714.6344902271
"Västmanland",1988,0.681974289759969,0.318025710240031,262359.396326719
"Jönköping",1988,0.557852592792238,0.442147407207762,307395.453788019
"Orebro",1988,0.582834135816724,0.417165864183275,268474.827149717
"Kronoberg",1988,0.460387713854146,0.539612286145854,168912.283322556
"Norrbotten",1989,0.51041239908331,0.48958760091669,266833.681167449
"Västerbotten",1989,0.509594830766099,0.490405169233901,260967.18947451
"Jämtland",1989,0.31676885696959,0.68323114303041,135515.075588288
"Dalarna",1989,0.442483315981081,0.557516684018919,284570.930200816
"Värmland",1989,0.537199435046413,0.462800564953587,286900.519670281
"Västra Götaland",1989,0.643260708477474,0.356739291522526,1413726.49924974
"Västernorrland",1989,0.518036959067075,0.481963040932925,246553.080249525
"Gävleborg",1989,0.510900257115088,0.489099742884912,286097.785468182
"Uppsala",1989,0.554924645439966,0.445075354560034,258115.582454941
"Stockholm",1989,0.886032742244051,0.113967257755949,1496601.02485146
"Södermanland",1989,0.557219593694296,0.442780406305704,242396.13083002
"Östergötland",1989,0.608371971403287,0.391628028596713,396641.201645012
"Kalmar",1989,0.404902732407121,0.595097267592879,243398.729995295
"Blekinge",1989,0.526197953404906,0.473802046595094,135528.687058692
"Skåne",1989,0.644500006320612,0.355499993679388,989565.810764143
"Halland",1989,0.503915420411615,0.496084579588385,258802.206710622
"Gotland",1989,0.391086598768852,0.608913401231148,60714.6344902271
"Västmanland",1989,0.681974289759969,0.318025710240031,262359.396326719
"Jönköping",1989,0.557852592792238,0.442147407207762,307395.453788019
"Orebro",1989,0.582834135816724,0.417165864183275,268474.827149717
"Kronoberg",1989,0.460387713854146,0.539612286145854,168912.283322556
"Norrbotten",1990,0.509253053118213,0.490746946881787,263270.556876817
"Västerbotten",1990,0.507929644947523,0.492070355052476,261367.67827879
"Jämtland",1990,0.317190449951382,0.682809550048618,134694.266316125
"Dalarna",1990,0.44812146284362,0.55187853715638,284827.579396121
"Värmland",1990,0.537025930773858,0.462974069226142,286241.956017941
"Västra Götaland",1990,0.64171315029784,0.35828684970216,1436038.23293268
"Västernorrland",1990,0.514847089053665,0.485152910946335,244790.048030446
"Gävleborg",1990,0.509236374104011,0.490763625895989,285674.423378224
"Uppsala",1990,0.555783645056759,0.444216354943241,269058.527984779
"Stockholm",1990,0.889642603854478,0.110357396145522,1554170.15283923
"Södermanland",1990,0.554457203906792,0.445542796093208,248258.409856599
"Östergötland",1990,0.604941909038838,0.395058090961162,402937.439292567
"Kalmar",1990,0.412267456930768,0.587732543069232,242205.112822939
"Blekinge",1990,0.529700895725057,0.470299104274943,137160.627448532
"Skåne",1990,0.652572684896754,0.347427315103246,1022712.23470642
"Halland",1990,0.504651354433139,0.495348645566861,267748.500309592
"Gotland",1990,0.390099153416327,0.609900846583672,60296.5558013162
"Västmanland",1990,0.679729783914234,0.320270216085766,266000.098402728
"Jönköping",1990,0.557644219670716,0.442355780329284,311699.669310363
"Orebro",1990,0.582963937546638,0.417036062453362,272594.620735275
"Kronoberg",1990,0.461464564668734,0.538535435331266,172556.949516557
"Norrbotten",1991,0.509253053118213,0.490746946881787,263270.556876817
"Västerbotten",1991,0.507929644947523,0.492070355052476,261367.67827879
"Jämtland",1991,0.317190449951382,0.682809550048618,134694.266316125
"Dalarna",1991,0.44812146284362,0.55187853715638,284827.579396121
"Värmland",1991,0.537025930773858,0.462974069226142,286241.956017941
"Västra Götaland",1991,0.64171315029784,0.35828684970216,1436038.23293268
"Västernorrland",1991,0.514847089053665,0.485152910946335,244790.048030446
"Gävleborg",1991,0.509236374104011,0.490763625895989,285674.423378224
"Uppsala",1991,0.555783645056759,0.444216354943241,269058.527984779
"Stockholm",1991,0.889642603854478,0.110357396145522,1554170.15283923
"Södermanland",1991,0.554457203906792,0.445542796093208,248258.409856599
"Östergötland",1991,0.604941909038838,0.395058090961162,402937.439292567
"Kalmar",1991,0.412267456930768,0.587732543069232,242205.112822939
"Blekinge",1991,0.529700895725057,0.470299104274943,137160.627448532
"Skåne",1991,0.652572684896754,0.347427315103246,1022712.23470642
"Halland",1991,0.504651354433139,0.495348645566861,267748.500309592
"Gotland",1991,0.390099153416327,0.609900846583672,60296.5558013162
"Västmanland",1991,0.679729783914234,0.320270216085766,266000.098402728
"Jönköping",1991,0.557644219670716,0.442355780329284,311699.669310363
"Orebro",1991,0.582963937546638,0.417036062453362,272594.620735275
"Kronoberg",1991,0.461464564668734,0.538535435331266,172556.949516557
"Norrbotten",1992,0.509253053118213,0.490746946881787,263270.556876817
"Västerbotten",1992,0.507929644947523,0.492070355052476,261367.67827879
"Jämtland",1992,0.317190449951382,0.682809550048618,134694.266316125
"Dalarna",1992,0.44812146284362,0.55187853715638,284827.579396121
"Värmland",1992,0.537025930773858,0.462974069226142,286241.956017941
"Västra Götaland",1992,0.64171315029784,0.35828684970216,1436038.23293268
"Västernorrland",1992,0.514847089053665,0.485152910946335,244790.048030446
"Gävleborg",1992,0.509236374104011,0.490763625895989,285674.423378224
"Uppsala",1992,0.555783645056759,0.444216354943241,269058.527984779
"Stockholm",1992,0.889642603854478,0.110357396145522,1554170.15283923
"Södermanland",1992,0.554457203906792,0.445542796093208,248258.409856599
"Östergötland",1992,0.604941909038838,0.395058090961162,402937.439292567
"Kalmar",1992,0.412267456930768,0.587732543069232,242205.112822939
"Blekinge",1992,0.529700895725057,0.470299104274943,137160.627448532
"Skåne",1992,0.652572684896754,0.347427315103246,1022712.23470642
"Halland",1992,0.504651354433139,0.495348645566861,267748.500309592
"Gotland",1992,0.390099153416327,0.609900846583672,60296.5558013162
"Västmanland",1992,0.679729783914234,0.320270216085766,266000.098402728
"Jönköping",1992,0.557644219670716,0.442355780329284,311699.669310363
"Orebro",1992,0.582963937546638,0.417036062453362,272594.620735275
"Kronoberg",1992,0.461464564668734,0.538535435331266,172556.949516557
"Norrbotten",1993,0.509253053118213,0.490746946881787,263270.556876817
"Västerbotten",1993,0.507929644947523,0.492070355052476,261367.67827879
"Jämtland",1993,0.317190449951382,0.682809550048618,134694.266316125
"Dalarna",1993,0.44812146284362,0.55187853715638,284827.579396121
"Värmland",1993,0.537025930773858,0.462974069226142,286241.956017941
"Västra Götaland",1993,0.64171315029784,0.35828684970216,1436038.23293268
"Västernorrland",1993,0.514847089053665,0.485152910946335,244790.048030446
"Gävleborg",1993,0.509236374104011,0.490763625895989,285674.423378224
"Uppsala",1993,0.555783645056759,0.444216354943241,269058.527984779
"Stockholm",1993,0.889642603854478,0.110357396145522,1554170.15283923
"Södermanland",1993,0.554457203906792,0.445542796093208,248258.409856599
"Östergötland",1993,0.604941909038838,0.395058090961162,402937.439292567
"Kalmar",1993,0.412267456930768,0.587732543069232,242205.112822939
"Blekinge",1993,0.529700895725057,0.470299104274943,137160.627448532
"Skåne",1993,0.652572684896754,0.347427315103246,1022712.23470642
"Halland",1993,0.504651354433139,0.495348645566861,267748.500309592
"Gotland",1993,0.390099153416327,0.609900846583672,60296.5558013162
"Västmanland",1993,0.679729783914234,0.320270216085766,266000.098402728
"Jönköping",1993,0.557644219670716,0.442355780329284,311699.669310363
"Orebro",1993,0.582963937546638,0.417036062453362,272594.620735275
"Kronoberg",1993,0.461464564668734,0.538535435331266,172556.949516557
"Norrbotten",1994,0.509253053118213,0.490746946881787,263270.556876817
"Västerbotten",1994,0.507929644947523,0.492070355052476,261367.67827879
"Jämtland",1994,0.317190449951382,0.682809550048618,134694.266316125
"Dalarna",1994,0.44812146284362,0.55187853715638,284827.579396121
"Värmland",1994,0.537025930773858,0.462974069226142,286241.956017941
"Västra Götaland",1994,0.64171315029784,0.35828684970216,1436038.23293268
"Västernorrland",1994,0.514847089053665,0.485152910946335,244790.048030446
"Gävleborg",1994,0.509236374104011,0.490763625895989,285674.423378224
"Uppsala",1994,0.555783645056759,0.444216354943241,269058.527984779
"Stockholm",1994,0.889642603854478,0.110357396145522,1554170.15283923
"Södermanland",1994,0.554457203906792,0.445542796093208,248258.409856599
"Östergötland",1994,0.604941909038838,0.395058090961162,402937.439292567
"Kalmar",1994,0.412267456930768,0.587732543069232,242205.112822939
"Blekinge",1994,0.529700895725057,0.470299104274943,137160.627448532
"Skåne",1994,0.652572684896754,0.347427315103246,1022712.23470642
"Halland",1994,0.504651354433139,0.495348645566861,267748.500309592
"Gotland",1994,0.390099153416327,0.609900846583672,60296.5558013162
"Västmanland",1994,0.679729783914234,0.320270216085766,266000.098402728
"Jönköping",1994,0.557644219670716,0.442355780329284,311699.669310363
"Orebro",1994,0.582963937546638,0.417036062453362,272594.620735275
"Kronoberg",1994,0.461464564668734,0.538535435331266,172556.949516557
"Norrbotten",1995,0.509305668750258,0.490694331249742,257115.831267202
"Västerbotten",1995,0.509715111109798,0.490284888890202,259471.275306244
"Jämtland",1995,0.322813379646896,0.677186620353104,132612.869490243
"Dalarna",1995,0.448330640482906,0.551669359517094,282557.926071603
"Värmland",1995,0.539602184581927,0.460397815418073,282939.071072191
"Västra Götaland",1995,0.65092092138643,0.34907907861357,1464026.67821073
"Västernorrland",1995,0.516178455738721,0.483821544261279,240723.141044504
"Gävleborg",1995,0.509609933191269,0.490390066808731,282752.043937071
"Uppsala",1995,0.578212419624184,0.421787580375816,278861.039106744
"Stockholm",1995,0.896008715126195,0.103991284873805,1683863.65451625
"Södermanland",1995,0.552873156970422,0.447126843029578,252458.713168555
"Östergötland",1995,0.621598308896579,0.378401691103421,409196.458188223
"Kalmar",1995,0.413498718109794,0.586501281890206,238904.916345503
"Blekinge",1995,0.525673200839838,0.474326799160162,137890.84551473
"Skåne",1995,0.674142739696513,0.325857260303487,1064134.3739859
"Halland",1995,0.50068771965794,0.49931228034206,275071.529637311
"Gotland",1995,0.389741724061725,0.610258275938275,59351.7785427815
"Västmanland",1995,0.678854856506855,0.321145143493145,267298.836443764
"Jönköping",1995,0.556854088523406,0.443145911476594,313406.474895714
"Orebro",1995,0.588119590548236,0.411880409451764,274512.649948251
"Kronoberg",1995,0.465643910750287,0.534356089249713,174888.650319272
"Norrbotten",1996,0.509305668750258,0.490694331249742,257115.831267202
"Västerbotten",1996,0.509715111109798,0.490284888890202,259471.275306244
"Jämtland",1996,0.322813379646896,0.677186620353104,132612.869490243
"Dalarna",1996,0.448330640482906,0.551669359517094,282557.926071603
"Värmland",1996,0.539602184581927,0.460397815418073,282939.071072191
"Västra Götaland",1996,0.65092092138643,0.34907907861357,1464026.67821073
"Västernorrland",1996,0.516178455738721,0.483821544261279,240723.141044504
"Gävleborg",1996,0.509609933191269,0.490390066808731,282752.043937071
"Uppsala",1996,0.578212419624184,0.421787580375816,278861.039106744
"Stockholm",1996,0.896008715126195,0.103991284873805,1683863.65451625
"Södermanland",1996,0.552873156970422,0.447126843029578,252458.713168555
"Östergötland",1996,0.621598308896579,0.378401691103421,409196.458188223
"Kalmar",1996,0.413498718109794,0.586501281890206,238904.916345503
"Blekinge",1996,0.525673200839838,0.474326799160162,137890.84551473
"Skåne",1996,0.674142739696513,0.325857260303487,1064134.3739859
"Halland",1996,0.50068771965794,0.49931228034206,275071.529637311
"Gotland",1996,0.389741724061725,0.610258275938275,59351.7785427815
"Västmanland",1996,0.678854856506855,0.321145143493145,267298.836443764
"Jönköping",1996,0.556854088523406,0.443145911476594,313406.474895714
"Orebro",1996,0.588119590548236,0.411880409451764,274512.649948251
"Kronoberg",1996,0.465643910750287,0.534356089249713,174888.650319272
"Norrbotten",1997,0.509305668750258,0.490694331249742,257115.831267202
"Västerbotten",1997,0.509715111109798,0.490284888890202,259471.275306244
"Jämtland",1997,0.322813379646896,0.677186620353104,132612.869490243
"Dalarna",1997,0.448330640482906,0.551669359517094,282557.926071603
"Värmland",1997,0.539602184581927,0.460397815418073,282939.071072191
"Västra Götaland",1997,0.65092092138643,0.34907907861357,1464026.67821073
"Västernorrland",1997,0.516178455738721,0.483821544261279,240723.141044504
"Gävleborg",1997,0.509609933191269,0.490390066808731,282752.043937071
"Uppsala",1997,0.578212419624184,0.421787580375816,278861.039106744
"Stockholm",1997,0.896008715126195,0.103991284873805,1683863.65451625
"Södermanland",1997,0.552873156970422,0.447126843029578,252458.713168555
"Östergötland",1997,0.621598308896579,0.378401691103421,409196.458188223
"Kalmar",1997,0.413498718109794,0.586501281890206,238904.916345503
"Blekinge",1997,0.525673200839838,0.474326799160162,137890.84551473
"Skåne",1997,0.674142739696513,0.325857260303487,1064134.3739859
"Halland",1997,0.50068771965794,0.49931228034206,275071.529637311
"Gotland",1997,0.389741724061725,0.610258275938275,59351.7785427815
"Västmanland",1997,0.678854856506855,0.321145143493145,267298.836443764
"Jönköping",1997,0.556854088523406,0.443145911476594,313406.474895714
"Orebro",1997,0.588119590548236,0.411880409451764,274512.649948251
"Kronoberg",1997,0.465643910750287,0.534356089249713,174888.650319272
"Norrbotten",1998,0.509305668750258,0.490694331249742,257115.831267202
"Västerbotten",1998,0.509715111109798,0.490284888890202,259471.275306244
"Jämtland",1998,0.322813379646896,0.677186620353104,132612.869490243
"Dalarna",1998,0.448330640482906,0.551669359517094,282557.926071603
"Värmland",1998,0.539602184581927,0.460397815418073,282939.071072191
"Västra Götaland",1998,0.65092092138643,0.34907907861357,1464026.67821073
"Västernorrland",1998,0.516178455738721,0.483821544261279,240723.141044504
"Gävleborg",1998,0.509609933191269,0.490390066808731,282752.043937071
"Uppsala",1998,0.578212419624184,0.421787580375816,278861.039106744
"Stockholm",1998,0.896008715126195,0.103991284873805,1683863.65451625
"Södermanland",1998,0.552873156970422,0.447126843029578,252458.713168555
"Östergötland",1998,0.621598308896579,0.378401691103421,409196.458188223
"Kalmar",1998,0.413498718109794,0.586501281890206,238904.916345503
"Blekinge",1998,0.525673200839838,0.474326799160162,137890.84551473
"Skåne",1998,0.674142739696513,0.325857260303487,1064134.3739859
"Halland",1998,0.50068771965794,0.49931228034206,275071.529637311
"Gotland",1998,0.389741724061725,0.610258275938275,59351.7785427815
"Västmanland",1998,0.678854856506855,0.321145143493145,267298.836443764
"Jönköping",1998,0.556854088523406,0.443145911476594,313406.474895714
"Orebro",1998,0.588119590548236,0.411880409451764,274512.649948251
"Kronoberg",1998,0.465643910750287,0.534356089249713,174888.650319272
"Norrbotten",1999,0.509305668750258,0.490694331249742,257115.831267202
"Västerbotten",1999,0.509715111109798,0.490284888890202,259471.275306244
"Jämtland",1999,0.322813379646896,0.677186620353104,132612.869490243
"Dalarna",1999,0.448330640482906,0.551669359517094,282557.926071603
"Värmland",1999,0.539602184581927,0.460397815418073,282939.071072191
"Västra Götaland",1999,0.65092092138643,0.34907907861357,1464026.67821073
"Västernorrland",1999,0.516178455738721,0.483821544261279,240723.141044504
"Gävleborg",1999,0.509609933191269,0.490390066808731,282752.043937071
"Uppsala",1999,0.578212419624184,0.421787580375816,278861.039106744
"Stockholm",1999,0.896008715126195,0.103991284873805,1683863.65451625
"Södermanland",1999,0.552873156970422,0.447126843029578,252458.713168555
"Östergötland",1999,0.621598308896579,0.378401691103421,409196.458188223
"Kalmar",1999,0.413498718109794,0.586501281890206,238904.916345503
"Blekinge",1999,0.525673200839838,0.474326799160162,137890.84551473
"Skåne",1999,0.674142739696513,0.325857260303487,1064134.3739859
"Halland",1999,0.50068771965794,0.49931228034206,275071.529637311
"Gotland",1999,0.389741724061725,0.610258275938275,59351.7785427815
"Västmanland",1999,0.678854856506855,0.321145143493145,267298.836443764
"Jönköping",1999,0.556854088523406,0.443145911476594,313406.474895714
"Orebro",1999,0.588119590548236,0.411880409451764,274512.649948251
"Kronoberg",1999,0.465643910750287,0.534356089249713,174888.650319272
"Norrbotten",2000,0.508558749430028,0.491441250569972,248032.802313731
"Västerbotten",2000,0.528692505504761,0.471307494495239,254682.89930303
"Jämtland",2000,0.326648897865364,0.673351102134636,129030.603793501
"Dalarna",2000,0.450668975759649,0.549331024240351,277160.971113559
"Värmland",2000,0.540686004959411,0.459313995040589,276461.363296615
"Västra Götaland",2000,0.658816567049966,0.341183432950034,1481634.05714954
"Västernorrland",2000,0.514522486510535,0.485477513489465,233933.389775608
"Gävleborg",2000,0.514998571615229,0.485001428384771,276680.908398789
"Uppsala",2000,0.620333177771834,0.379666822228166,286627.675446287
"Stockholm",2000,0.90689243841947,0.0931075615805301,1778303.21842655
"Södermanland",2000,0.553840437132758,0.446159562867242,254219.040042497
"Östergötland",2000,0.623958482578964,0.376041517421036,409147.2556534
"Kalmar",2000,0.39472591396531,0.60527408603469,232894.060377351
"Blekinge",2000,0.537570817948397,0.462429182051603,137100.624868067
"Skåne",2000,0.678765733803503,0.321234266196497,1102908.22131938
"Halland",2000,0.507039064271339,0.492960935728661,280081.932897192
"Gotland",2000,0.389463764100874,0.610536235899126,57745.2083344962
"Västmanland",2000,0.677566981107228,0.322433018892772,265614.336655114
"Jönköping",2000,0.555824784336288,0.444175215663712,311751.748999799
"Orebro",2000,0.601438903436994,0.398561096563006,273498.657670122
"Kronoberg",2000,0.47218761037686,0.52781238962314,175454.842823616
"Norrbotten",2001,0.508558749430028,0.491441250569972,248032.802313731
"Västerbotten",2001,0.528692505504761,0.471307494495239,254682.89930303
"Jämtland",2001,0.326648897865364,0.673351102134636,129030.603793501
"Dalarna",2001,0.450668975759649,0.549331024240351,277160.971113559
"Värmland",2001,0.540686004959411,0.459313995040589,276461.363296615
"Västra Götaland",2001,0.658816567049966,0.341183432950034,1481634.05714954
"Västernorrland",2001,0.514522486510535,0.485477513489465,233933.389775608
"Gävleborg",2001,0.514998571615229,0.485001428384771,276680.908398789
"Uppsala",2001,0.620333177771834,0.379666822228166,286627.675446287
"Stockholm",2001,0.90689243841947,0.0931075615805301,1778303.21842655
"Södermanland",2001,0.553840437132758,0.446159562867242,254219.040042497
"Östergötland",2001,0.623958482578964,0.376041517421036,409147.2556534
"Kalmar",2001,0.39472591396531,0.60527408603469,232894.060377351
"Blekinge",2001,0.537570817948397,0.462429182051603,137100.624868067
"Skåne",2001,0.678765733803503,0.321234266196497,1102908.22131938
"Halland",2001,0.507039064271339,0.492960935728661,280081.932897192
"Gotland",2001,0.389463764100874,0.610536235899126,57745.2083344962
"Västmanland",2001,0.677566981107228,0.322433018892772,265614.336655114
"Jönköping",2001,0.555824784336288,0.444175215663712,311751.748999799
"Orebro",2001,0.601438903436994,0.398561096563006,273498.657670122
"Kronoberg",2001,0.47218761037686,0.52781238962314,175454.842823616
"Norrbotten",2002,0.508558749430028,0.491441250569972,248032.802313731
"Västerbotten",2002,0.528692505504761,0.471307494495239,254682.89930303
"Jämtland",2002,0.326648897865364,0.673351102134636,129030.603793501
"Dalarna",2002,0.450668975759649,0.549331024240351,277160.971113559
"Värmland",2002,0.540686004959411,0.459313995040589,276461.363296615
"Västra Götaland",2002,0.658816567049966,0.341183432950034,1481634.05714954
"Västernorrland",2002,0.514522486510535,0.485477513489465,233933.389775608
"Gävleborg",2002,0.514998571615229,0.485001428384771,276680.908398789
"Uppsala",2002,0.620333177771834,0.379666822228166,286627.675446287
"Stockholm",2002,0.90689243841947,0.0931075615805301,1778303.21842655
"Södermanland",2002,0.553840437132758,0.446159562867242,254219.040042497
"Östergötland",2002,0.623958482578964,0.376041517421036,409147.2556534
"Kalmar",2002,0.39472591396531,0.60527408603469,232894.060377351
"Blekinge",2002,0.537570817948397,0.462429182051603,137100.624868067
"Skåne",2002,0.678765733803503,0.321234266196497,1102908.22131938
"Halland",2002,0.507039064271339,0.492960935728661,280081.932897192
"Gotland",2002,0.389463764100874,0.610536235899126,57745.2083344962
"Västmanland",2002,0.677566981107228,0.322433018892772,265614.336655114
"Jönköping",2002,0.555824784336288,0.444175215663712,311751.748999799
"Orebro",2002,0.601438903436994,0.398561096563006,273498.657670122
"Kronoberg",2002,0.47218761037686,0.52781238962314,175454.842823616
"Norrbotten",2003,0.508558749430028,0.491441250569972,248032.802313731
"Västerbotten",2003,0.528692505504761,0.471307494495239,254682.89930303
"Jämtland",2003,0.326648897865364,0.673351102134636,129030.603793501
"Dalarna",2003,0.450668975759649,0.549331024240351,277160.971113559
"Värmland",2003,0.540686004959411,0.459313995040589,276461.363296615
"Västra Götaland",2003,0.658816567049966,0.341183432950034,1481634.05714954
"Västernorrland",2003,0.514522486510535,0.485477513489465,233933.389775608
"Gävleborg",2003,0.514998571615229,0.485001428384771,276680.908398789
"Uppsala",2003,0.620333177771834,0.379666822228166,286627.675446287
"Stockholm",2003,0.90689243841947,0.0931075615805301,1778303.21842655
"Södermanland",2003,0.553840437132758,0.446159562867242,254219.040042497
"Östergötland",2003,0.623958482578964,0.376041517421036,409147.2556534
"Kalmar",2003,0.39472591396531,0.60527408603469,232894.060377351
"Blekinge",2003,0.537570817948397,0.462429182051603,137100.624868067
"Skåne",2003,0.678765733803503,0.321234266196497,1102908.22131938
"Halland",2003,0.507039064271339,0.492960935728661,280081.932897192
"Gotland",2003,0.389463764100874,0.610536235899126,57745.2083344962
"Västmanland",2003,0.677566981107228,0.322433018892772,265614.336655114
"Jönköping",2003,0.555824784336288,0.444175215663712,311751.748999799
"Orebro",2003,0.601438903436994,0.398561096563006,273498.657670122
"Kronoberg",2003,0.47218761037686,0.52781238962314,175454.842823616
"Norrbotten",2004,0.508558749430028,0.491441250569972,248032.802313731
"Västerbotten",2004,0.528692505504761,0.471307494495239,254682.89930303
"Jämtland",2004,0.326648897865364,0.673351102134636,129030.603793501
"Dalarna",2004,0.450668975759649,0.549331024240351,277160.971113559
"Värmland",2004,0.540686004959411,0.459313995040589,276461.363296615
"Västra Götaland",2004,0.658816567049966,0.341183432950034,1481634.05714954
"Västernorrland",2004,0.514522486510535,0.485477513489465,233933.389775608
"Gävleborg",2004,0.514998571615229,0.485001428384771,276680.908398789
"Uppsala",2004,0.620333177771834,0.379666822228166,286627.675446287
"Stockholm",2004,0.90689243841947,0.0931075615805301,1778303.21842655
"Södermanland",2004,0.553840437132758,0.446159562867242,254219.040042497
"Östergötland",2004,0.623958482578964,0.376041517421036,409147.2556534
"Kalmar",2004,0.39472591396531,0.60527408603469,232894.060377351
"Blekinge",2004,0.537570817948397,0.462429182051603,137100.624868067
"Skåne",2004,0.678765733803503,0.321234266196497,1102908.22131938
"Halland",2004,0.507039064271339,0.492960935728661,280081.932897192
"Gotland",2004,0.389463764100874,0.610536235899126,57745.2083344962
"Västmanland",2004,0.677566981107228,0.322433018892772,265614.336655114
"Jönköping",2004,0.555824784336288,0.444175215663712,311751.748999799
"Orebro",2004,0.601438903436994,0.398561096563006,273498.657670122
"Kronoberg",2004,0.47218761037686,0.52781238962314,175454.842823616
"Norrbotten",2005,0.511330126668673,0.488669873331327,242782.018715537
"Västerbotten",2005,0.520376759224287,0.479623240775713,253494.704410529
"Jämtland",2005,0.333878551472727,0.666121448527273,127239.28103481
"Dalarna",2005,0.453240834762734,0.546759165237266,275658.11653614
"Värmland",2005,0.526180045443698,0.473819954556302,273817.178726599
"Västra Götaland",2005,0.663116933799073,0.336883066200927,1510096.0063405
"Västernorrland",2005,0.517140127838597,0.482859872161403,230471.461141646
"Gävleborg",2005,0.518055515996936,0.481944484003064,274402.795038969
"Uppsala",2005,0.629315873681983,0.370684126318017,299685.028627627
"Stockholm",2005,0.914519861349338,0.0854801386506621,1855290.60877972
"Södermanland",2005,0.574115321256354,0.425884678743646,259992.33309388
"Östergötland",2005,0.623743277294705,0.376256722705295,415703.329978266
"Kalmar",2005,0.396467736079462,0.603532263920538,230097.655558891
"Blekinge",2005,0.53601287453646,0.46398712546354,138030.276998945
"Skåne",2005,0.681476304874955,0.318523695125045,1149504.78378217
"Halland",2005,0.519983703905807,0.480016296094193,289693.143562202
"Gotland",2005,0.388351173180281,0.611648826819719,56944.4129557356
"Västmanland",2005,0.679465913567767,0.320534086432233,267645.79500304
"Jönköping",2005,0.555890508918038,0.444109491081962,314525.092723535
"Orebro",2005,0.603378987641232,0.396621012358768,276460.975723553
"Kronoberg",2005,0.481775473726347,0.518224526273653,178711.131425017
"Norrbotten",2006,0.511330126668673,0.488669873331327,242782.018715537
"Västerbotten",2006,0.520376759224287,0.479623240775713,253494.704410529
"Jämtland",2006,0.333878551472727,0.666121448527273,127239.28103481
"Dalarna",2006,0.453240834762734,0.546759165237266,275658.11653614
"Värmland",2006,0.526180045443698,0.473819954556302,273817.178726599
"Västra Götaland",2006,0.663116933799073,0.336883066200927,1510096.0063405
"Västernorrland",2006,0.517140127838597,0.482859872161403,230471.461141646
"Gävleborg",2006,0.518055515996936,0.481944484003064,274402.795038969
"Uppsala",2006,0.629315873681983,0.370684126318017,299685.028627627
"Stockholm",2006,0.914519861349338,0.0854801386506621,1855290.60877972
"Södermanland",2006,0.574115321256354,0.425884678743646,259992.33309388
"Östergötland",2006,0.623743277294705,0.376256722705295,415703.329978266
"Kalmar",2006,0.396467736079462,0.603532263920538,230097.655558891
"Blekinge",2006,0.53601287453646,0.46398712546354,138030.276998945
"Skåne",2006,0.681476304874955,0.318523695125045,1149504.78378217
"Halland",2006,0.519983703905807,0.480016296094193,289693.143562202
"Gotland",2006,0.388351173180281,0.611648826819719,56944.4129557356
"Västmanland",2006,0.679465913567767,0.320534086432233,267645.79500304
"Jönköping",2006,0.555890508918038,0.444109491081962,314525.092723535
"Orebro",2006,0.603378987641232,0.396621012358768,276460.975723553
"Kronoberg",2006,0.481775473726347,0.518224526273653,178711.131425017
"Norrbotten",2007,0.511330126668673,0.488669873331327,242782.018715537
"Västerbotten",2007,0.520376759224287,0.479623240775713,253494.704410529
"Jämtland",2007,0.333878551472727,0.666121448527273,127239.28103481
"Dalarna",2007,0.453240834762734,0.546759165237266,275658.11653614
"Värmland",2007,0.526180045443698,0.473819954556302,273817.178726599
"Västra Götaland",2007,0.663116933799073,0.336883066200927,1510096.0063405
"Västernorrland",2007,0.517140127838597,0.482859872161403,230471.461141646
"Gävleborg",2007,0.518055515996936,0.481944484003064,274402.795038969
"Uppsala",2007,0.629315873681983,0.370684126318017,299685.028627627
"Stockholm",2007,0.914519861349338,0.0854801386506621,1855290.60877972
"Södermanland",2007,0.574115321256354,0.425884678743646,259992.33309388
"Östergötland",2007,0.623743277294705,0.376256722705295,415703.329978266
"Kalmar",2007,0.396467736079462,0.603532263920538,230097.655558891
"Blekinge",2007,0.53601287453646,0.46398712546354,138030.276998945
"Skåne",2007,0.681476304874955,0.318523695125045,1149504.78378217
"Halland",2007,0.519983703905807,0.480016296094193,289693.143562202
"Gotland",2007,0.388351173180281,0.611648826819719,56944.4129557356
"Västmanland",2007,0.679465913567767,0.320534086432233,267645.79500304
"Jönköping",2007,0.555890508918038,0.444109491081962,314525.092723535
"Orebro",2007,0.603378987641232,0.396621012358768,276460.975723553
"Kronoberg",2007,0.481775473726347,0.518224526273653,178711.131425017
"Norrbotten",2008,0.511330126668673,0.488669873331327,242782.018715537
"Västerbotten",2008,0.520376759224287,0.479623240775713,253494.704410529
"Jämtland",2008,0.333878551472727,0.666121448527273,127239.28103481
"Dalarna",2008,0.453240834762734,0.546759165237266,275658.11653614
"Värmland",2008,0.526180045443698,0.473819954556302,273817.178726599
"Västra Götaland",2008,0.663116933799073,0.336883066200927,1510096.0063405
"Västernorrland",2008,0.517140127838597,0.482859872161403,230471.461141646
"Gävleborg",2008,0.518055515996936,0.481944484003064,274402.795038969
"Uppsala",2008,0.629315873681983,0.370684126318017,299685.028627627
"Stockholm",2008,0.914519861349338,0.0854801386506621,1855290.60877972
"Södermanland",2008,0.574115321256354,0.425884678743646,259992.33309388
"Östergötland",2008,0.623743277294705,0.376256722705295,415703.329978266
"Kalmar",2008,0.396467736079462,0.603532263920538,230097.655558891
"Blekinge",2008,0.53601287453646,0.46398712546354,138030.276998945
"Skåne",2008,0.681476304874955,0.318523695125045,1149504.78378217
"Halland",2008,0.519983703905807,0.480016296094193,289693.143562202
"Gotland",2008,0.388351173180281,0.611648826819719,56944.4129557356
"Västmanland",2008,0.679465913567767,0.320534086432233,267645.79500304
"Jönköping",2008,0.555890508918038,0.444109491081962,314525.092723535
"Orebro",2008,0.603378987641232,0.396621012358768,276460.975723553
"Kronoberg",2008,0.481775473726347,0.518224526273653,178711.131425017
"Norrbotten",2009,0.511330126668673,0.488669873331327,242782.018715537
"Västerbotten",2009,0.520376759224287,0.479623240775713,253494.704410529
"Jämtland",2009,0.333878551472727,0.666121448527273,127239.28103481
"Dalarna",2009,0.453240834762734,0.546759165237266,275658.11653614
"Värmland",2009,0.526180045443698,0.473819954556302,273817.178726599
"Västra Götaland",2009,0.663116933799073,0.336883066200927,1510096.0063405
"Västernorrland",2009,0.517140127838597,0.482859872161403,230471.461141646
"Gävleborg",2009,0.518055515996936,0.481944484003064,274402.795038969
"Uppsala",2009,0.629315873681983,0.370684126318017,299685.028627627
"Stockholm",2009,0.914519861349338,0.0854801386506621,1855290.60877972
"Södermanland",2009,0.574115321256354,0.425884678743646,259992.33309388
"Östergötland",2009,0.623743277294705,0.376256722705295,415703.329978266
"Kalmar",2009,0.396467736079462,0.603532263920538,230097.655558891
"Blekinge",2009,0.53601287453646,0.46398712546354,138030.276998945
"Skåne",2009,0.681476304874955,0.318523695125045,1149504.78378217
"Halland",2009,0.519983703905807,0.480016296094193,289693.143562202
"Gotland",2009,0.388351173180281,0.611648826819719,56944.4129557356
"Västmanland",2009,0.679465913567767,0.320534086432233,267645.79500304
"Jönköping",2009,0.555890508918038,0.444109491081962,314525.092723535
"Orebro",2009,0.603378987641232,0.396621012358768,276460.975723553
"Kronoberg",2009,0.481775473726347,0.518224526273653,178711.131425017
"Norrbotten",2010,0.517362286935726,0.482637713064274,239117.023134447
"Västerbotten",2010,0.52897412150099,0.47102587849901,254220.241253595
"Jämtland",2010,0.34494335273299,0.65505664726701,126389.184712522
"Dalarna",2010,0.458294115124886,0.541705884875114,276133.347577165
"Värmland",2010,0.494791039170863,0.505208960829137,273228.989196444
"Västra Götaland",2010,0.671624282951822,0.328375717048178,1556435.64733271
"Västernorrland",2010,0.519988535211786,0.480011464788214,228577.199236928
"Gävleborg",2010,0.522770510509846,0.477229489490154,274076.544162827
"Uppsala",2010,0.635985736290804,0.364014263709196,316483.072663166
"Stockholm",2010,0.919848424363582,0.0801515756364179,2006454.24430063
"Södermanland",2010,0.598525627695231,0.401474372304769,268067.306084322
"Östergötland",2010,0.652038953928708,0.347961046071292,427722.615265353
"Kalmar",2010,0.42020640138572,0.57979359861428,228938.505668606
"Blekinge",2010,0.5344262716537,0.465573728346299,139952.388565214
"Skåne",2010,0.687681973839352,0.312318026160648,1214239.93453866
"Halland",2010,0.521280032250856,0.478719967749144,302205.775166555
"Gotland",2010,0.387323588502151,0.612676411497849,56524.0009777613
"Västmanland",2010,0.685343389822387,0.314656610177613,271424.333704315
"Jönköping",2010,0.56471023749609,0.43528976250391,319653.342304964
"Orebro",2010,0.610156640098962,0.389843359901038,281804.842468875
"Kronoberg",2010,0.490915423289124,0.509084576710876,183570.62823285
"Norrbotten",2011,0.517362286935726,0.482637713064274,239117.023134447
"Västerbotten",2011,0.52897412150099,0.47102587849901,254220.241253595
"Jämtland",2011,0.34494335273299,0.65505664726701,126389.184712522
"Dalarna",2011,0.458294115124886,0.541705884875114,276133.347577165
"Värmland",2011,0.494791039170863,0.505208960829137,273228.989196444
"Västra Götaland",2011,0.671624282951822,0.328375717048178,1556435.64733271
"Västernorrland",2011,0.519988535211786,0.480011464788214,228577.199236928
"Gävleborg",2011,0.522770510509846,0.477229489490154,274076.544162827
"Uppsala",2011,0.635985736290804,0.364014263709196,316483.072663166
"Stockholm",2011,0.919848424363582,0.0801515756364179,2006454.24430063
"Södermanland",2011,0.598525627695231,0.401474372304769,268067.306084322
"Östergötland",2011,0.652038953928708,0.347961046071292,427722.615265353
"Kalmar",2011,0.42020640138572,0.57979359861428,228938.505668606
"Blekinge",2011,0.5344262716537,0.465573728346299,139952.388565214
"Skåne",2011,0.687681973839352,0.312318026160648,1214239.93453866
"Halland",2011,0.521280032250856,0.478719967749144,302205.775166555
"Gotland",2011,0.387323588502151,0.612676411497849,56524.0009777613
"Västmanland",2011,0.685343389822387,0.314656610177613,271424.333704315
"Jönköping",2011,0.56471023749609,0.43528976250391,319653.342304964
"Orebro",2011,0.610156640098962,0.389843359901038,281804.842468875
"Kronoberg",2011,0.490915423289124,0.509084576710876,183570.62823285
"Norrbotten",2012,0.517362286935726,0.482637713064274,239117.023134447
"Västerbotten",2012,0.52897412150099,0.47102587849901,254220.241253595
"Jämtland",2012,0.34494335273299,0.65505664726701,126389.184712522
"Dalarna",2012,0.458294115124886,0.541705884875114,276133.347577165
"Värmland",2012,0.494791039170863,0.505208960829137,273228.989196444
"Västra Götaland",2012,0.671624282951822,0.328375717048178,1556435.64733271
"Västernorrland",2012,0.519988535211786,0.480011464788214,228577.199236928
"Gävleborg",2012,0.522770510509846,0.477229489490154,274076.544162827
"Uppsala",2012,0.635985736290804,0.364014263709196,316483.072663166
"Stockholm",2012,0.919848424363582,0.0801515756364179,2006454.24430063
"Södermanland",2012,0.598525627695231,0.401474372304769,268067.306084322
"Östergötland",2012,0.652038953928708,0.347961046071292,427722.615265353
"Kalmar",2012,0.42020640138572,0.57979359861428,228938.505668606
"Blekinge",2012,0.5344262716537,0.465573728346299,139952.388565214
"Skåne",2012,0.687681973839352,0.312318026160648,1214239.93453866
"Halland",2012,0.521280032250856,0.478719967749144,302205.775166555
"Gotland",2012,0.387323588502151,0.612676411497849,56524.0009777613
"Västmanland",2012,0.685343389822387,0.314656610177613,271424.333704315
"Jönköping",2012,0.56471023749609,0.43528976250391,319653.342304964
"Orebro",2012,0.610156640098962,0.389843359901038,281804.842468875
"Kronoberg",2012,0.490915423289124,0.509084576710876,183570.62823285
"Norrbotten",2013,0.517362286935726,0.482637713064274,239117.023134447
"Västerbotten",2013,0.52897412150099,0.47102587849901,254220.241253595
"Jämtland",2013,0.34494335273299,0.65505664726701,126389.184712522
"Dalarna",2013,0.458294115124886,0.541705884875114,276133.347577165
"Värmland",2013,0.494791039170863,0.505208960829137,273228.989196444
"Västra Götaland",2013,0.671624282951822,0.328375717048178,1556435.64733271
"Västernorrland",2013,0.519988535211786,0.480011464788214,228577.199236928
"Gävleborg",2013,0.522770510509846,0.477229489490154,274076.544162827
"Uppsala",2013,0.635985736290804,0.364014263709196,316483.072663166
"Stockholm",2013,0.919848424363582,0.0801515756364179,2006454.24430063
"Södermanland",2013,0.598525627695231,0.401474372304769,268067.306084322
"Östergötland",2013,0.652038953928708,0.347961046071292,427722.615265353
"Kalmar",2013,0.42020640138572,0.57979359861428,228938.505668606
"Blekinge",2013,0.5344262716537,0.465573728346299,139952.388565214
"Skåne",2013,0.687681973839352,0.312318026160648,1214239.93453866
"Halland",2013,0.521280032250856,0.478719967749144,302205.775166555
"Gotland",2013,0.387323588502151,0.612676411497849,56524.0009777613
"Västmanland",2013,0.685343389822387,0.314656610177613,271424.333704315
"Jönköping",2013,0.56471023749609,0.43528976250391,319653.342304964
"Orebro",2013,0.610156640098962,0.389843359901038,281804.842468875
"Kronoberg",2013,0.490915423289124,0.509084576710876,183570.62823285
"Norrbotten",2014,0.517362286935726,0.482637713064274,239117.023134447
"Västerbotten",2014,0.52897412150099,0.47102587849901,254220.241253595
"Jämtland",2014,0.34494335273299,0.65505664726701,126389.184712522
"Dalarna",2014,0.458294115124886,0.541705884875114,276133.347577165
"Värmland",2014,0.494791039170863,0.505208960829137,273228.989196444
"Västra Götaland",2014,0.671624282951822,0.328375717048178,1556435.64733271
"Västernorrland",2014,0.519988535211786,0.480011464788214,228577.199236928
"Gävleborg",2014,0.522770510509846,0.477229489490154,274076.544162827
"Uppsala",2014,0.635985736290804,0.364014263709196,316483.072663166
"Stockholm",2014,0.919848424363582,0.0801515756364179,2006454.24430063
"Södermanland",2014,0.598525627695231,0.401474372304769,268067.306084322
"Östergötland",2014,0.652038953928708,0.347961046071292,427722.615265353
"Kalmar",2014,0.42020640138572,0.57979359861428,228938.505668606
"Blekinge",2014,0.5344262716537,0.465573728346299,139952.388565214
"Skåne",2014,0.687681973839352,0.312318026160648,1214239.93453866
"Halland",2014,0.521280032250856,0.478719967749144,302205.775166555
"Gotland",2014,0.387323588502151,0.612676411497849,56524.0009777613
"Västmanland",2014,0.685343389822387,0.314656610177613,271424.333704315
"Jönköping",2014,0.56471023749609,0.43528976250391,319653.342304964
"Orebro",2014,0.610156640098962,0.389843359901038,281804.842468875
"Kronoberg",2014,0.490915423289124,0.509084576710876,183570.62823285
"Norrbotten",2015,0.523101680688096,0.476898319311904,238522.184116272
"Västerbotten",2015,0.532433679375434,0.467566320624566,258215.577048952
"Jämtland",2015,0.349698507045618,0.650301492954382,127178.462455834
"Dalarna",2015,0.465031442235117,0.534968557764883,280075.662775131
"Värmland",2015,0.500391376555439,0.499608623444561,276171.047893239
"Västra Götaland",2015,0.676101195538936,0.323898804461064,1617611.02487492
"Västernorrland",2015,0.522353899110056,0.477646100889944,229704.394774016
"Gävleborg",2015,0.527221545632744,0.472778454367256,277223.717814365
"Uppsala",2015,0.643635759669068,0.356364240330932,337563.356664612
"Stockholm",2015,0.927032993163639,0.0729670068363612,2196292.07645071
"Södermanland",2015,0.600450541250487,0.399549458749513,279655.650169535
"Östergötland",2015,0.655183922904223,0.344816077095777,448142.032731666
"Kalmar",2015,0.421398156607809,0.578601843392191,230708.583477776
"Blekinge",2015,0.559774760537835,0.440225239462165,143762.195423779
"Skåne",2015,0.696342290885924,0.303657709114076,1299244.75159561
"Halland",2015,0.531293298941855,0.468706701058145,318892.76414769
"Gotland",2015,0.385967818745133,0.614032181254867,56804.7586532147
"Västmanland",2015,0.695383949170077,0.304616050829923,279135.708655728
"Jönköping",2015,0.582244215933101,0.417755784066899,329081.035825143
"Orebro",2015,0.616364360293421,0.383635639706579,290924.092579908
"Kronoberg",2015,0.498388497287427,0.501611502712573,190909.862290828
"Norrbotten",2016,0.523101680688096,0.476898319311904,238522.184116272
"Västerbotten",2016,0.532433679375434,0.467566320624566,258215.577048952
"Jämtland",2016,0.349698507045618,0.650301492954382,127178.462455834
"Dalarna",2016,0.465031442235117,0.534968557764883,280075.662775131
"Värmland",2016,0.500391376555439,0.499608623444561,276171.047893239
"Västra Götaland",2016,0.676101195538936,0.323898804461064,1617611.02487492
"Västernorrland",2016,0.522353899110056,0.477646100889944,229704.394774016
"Gävleborg",2016,0.527221545632744,0.472778454367256,277223.717814365
"Uppsala",2016,0.643635759669068,0.356364240330932,337563.356664612
"Stockholm",2016,0.927032993163639,0.0729670068363612,2196292.07645071
"Södermanland",2016,0.600450541250487,0.399549458749513,279655.650169535
"Östergötland",2016,0.655183922904223,0.344816077095777,448142.032731666
"Kalmar",2016,0.421398156607809,0.578601843392191,230708.583477776
"Blekinge",2016,0.559774760537835,0.440225239462165,143762.195423779
"Skåne",2016,0.696342290885924,0.303657709114076,1299244.75159561
"Halland",2016,0.531293298941855,0.468706701058145,318892.76414769
"Gotland",2016,0.385967818745133,0.614032181254867,56804.7586532147
"Västmanland",2016,0.695383949170077,0.304616050829923,279135.708655728
"Jönköping",2016,0.582244215933101,0.417755784066899,329081.035825143
"Orebro",2016,0.616364360293421,0.383635639706579,290924.092579908
"Kronoberg",2016,0.498388497287427,0.501611502712573,190909.862290828
"Norrbotten",2017,0.523101680688096,0.476898319311904,238522.184116272
"Västerbotten",2017,0.532433679375434,0.467566320624566,258215.577048952
"Jämtland",2017,0.349698507045618,0.650301492954382,127178.462455834
"Dalarna",2017,0.465031442235117,0.534968557764883,280075.662775131
"Värmland",2017,0.500391376555439,0.499608623444561,276171.047893239
"Västra Götaland",2017,0.676101195538936,0.323898804461064,1617611.02487492
"Västernorrland",2017,0.522353899110056,0.477646100889944,229704.394774016
"Gävleborg",2017,0.527221545632744,0.472778454367256,277223.717814365
"Uppsala",2017,0.643635759669068,0.356364240330932,337563.356664612
"Stockholm",2017,0.927032993163639,0.0729670068363612,2196292.07645071
"Södermanland",2017,0.600450541250487,0.399549458749513,279655.650169535
"Östergötland",2017,0.655183922904223,0.344816077095777,448142.032731666
"Kalmar",2017,0.421398156607809,0.578601843392191,230708.583477776
"Blekinge",2017,0.559774760537835,0.440225239462165,143762.195423779
"Skåne",2017,0.696342290885924,0.303657709114076,1299244.75159561
"Halland",2017,0.531293298941855,0.468706701058145,318892.76414769
"Gotland",2017,0.385967818745133,0.614032181254867,56804.7586532147
"Västmanland",2017,0.695383949170077,0.304616050829923,279135.708655728
"Jönköping",2017,0.582244215933101,0.417755784066899,329081.035825143
"Orebro",2017,0.616364360293421,0.383635639706579,290924.092579908
"Kronoberg",2017,0.498388497287427,0.501611502712573,190909.862290828
"Norrbotten",2018,0.523101680688096,0.476898319311904,238522.184116272
"Västerbotten",2018,0.532433679375434,0.467566320624566,258215.577048952
"Jämtland",2018,0.349698507045618,0.650301492954382,127178.462455834
"Dalarna",2018,0.465031442235117,0.534968557764883,280075.662775131
"Värmland",2018,0.500391376555439,0.499608623444561,276171.047893239
"Västra Götaland",2018,0.676101195538936,0.323898804461064,1617611.02487492
"Västernorrland",2018,0.522353899110056,0.477646100889944,229704.394774016
"Gävleborg",2018,0.527221545632744,0.472778454367256,277223.717814365
"Uppsala",2018,0.643635759669068,0.356364240330932,337563.356664612
"Stockholm",2018,0.927032993163639,0.0729670068363612,2196292.07645071
"Södermanland",2018,0.600450541250487,0.399549458749513,279655.650169535
"Östergötland",2018,0.655183922904223,0.344816077095777,448142.032731666
"Kalmar",2018,0.421398156607809,0.578601843392191,230708.583477776
"Blekinge",2018,0.559774760537835,0.440225239462165,143762.195423779
"Skåne",2018,0.696342290885924,0.303657709114076,1299244.75159561
"Halland",2018,0.531293298941855,0.468706701058145,318892.76414769
"Gotland",2018,0.385967818745133,0.614032181254867,56804.7586532147
"Västmanland",2018,0.695383949170077,0.304616050829923,279135.708655728
"Jönköping",2018,0.582244215933101,0.417755784066899,329081.035825143
"Orebro",2018,0.616364360293421,0.383635639706579,290924.092579908
"Kronoberg",2018,0.498388497287427,0.501611502712573,190909.862290828
"Norrbotten",2019,0.523101680688096,0.476898319311904,238522.184116272
"Västerbotten",2019,0.532433679375434,0.467566320624566,258215.577048952
"Jämtland",2019,0.349698507045618,0.650301492954382,127178.462455834
"Dalarna",2019,0.465031442235117,0.534968557764883,280075.662775131
"Värmland",2019,0.500391376555439,0.499608623444561,276171.047893239
"Västra Götaland",2019,0.676101195538936,0.323898804461064,1617611.02487492
"Västernorrland",2019,0.522353899110056,0.477646100889944,229704.394774016
"Gävleborg",2019,0.527221545632744,0.472778454367256,277223.717814365
"Uppsala",2019,0.643635759669068,0.356364240330932,337563.356664612
"Stockholm",2019,0.927032993163639,0.0729670068363612,2196292.07645071
"Södermanland",2019,0.600450541250487,0.399549458749513,279655.650169535
"Östergötland",2019,0.655183922904223,0.344816077095777,448142.032731666
"Kalmar",2019,0.421398156607809,0.578601843392191,230708.583477776
"Blekinge",2019,0.559774760537835,0.440225239462165,143762.195423779
"Skåne",2019,0.696342290885924,0.303657709114076,1299244.75159561
"Halland",2019,0.531293298941855,0.468706701058145,318892.76414769
"Gotland",2019,0.385967818745133,0.614032181254867,56804.7586532147
"Västmanland",2019,0.695383949170077,0.304616050829923,279135.708655728
"Jönköping",2019,0.582244215933101,0.417755784066899,329081.035825143
"Orebro",2019,0.616364360293421,0.383635639706579,290924.092579908
"Kronoberg",2019,0.498388497287427,0.501611502712573,190909.862290828
"Norrbotten",2020,0.523017766583213,0.476982233416787,236423.073964227
"Västerbotten",2020,0.533062758359997,0.466937241640004,260293.799527671
"Jämtland",2020,0.349756916351623,0.650243083648377,127079.286524346
"Dalarna",2020,0.466539942831132,0.533460057168868,282024.351554599
"Värmland",2020,0.502233835528799,0.497766164471201,277138.12568883
"Västra Götaland",2020,0.691261339228027,0.308738660771973,1706120.42126878
"Västernorrland",2020,0.519529222199954,0.480470777800046,229359.194451228
"Gävleborg",2020,0.526822333218208,0.473177666781792,278439.186657505
"Uppsala",2020,0.644413517440973,0.355586482559027,355844.178637743
"Stockholm",2020,0.930002240170025,0.0699977598299749,2430997.34805154
"Södermanland",2020,0.606731461094907,0.393268538905093,289070.890543811
"Östergötland",2020,0.65820760282814,0.34179239717186,469256.660577019
"Kalmar",2020,0.421476973997559,0.578523026002441,230855.326539802
"Blekinge",2020,0.558184472872634,0.441815527127366,146478.967844525
"Skåne",2020,0.708266835107695,0.291733164892305,1392958.16201651
"Halland",2020,0.554012191051701,0.445987808948299,333670.545290512
"Gotland",2020,0.384148824688019,0.615851175311981,56704.9859030026
"Västmanland",2020,0.691198294729253,0.308801705270747,285364.98011323
"Jönköping",2020,0.582023385996502,0.417976614003498,336305.209822006
"Orebro",2020,0.617393811535904,0.382606188464096,297846.401063435
"Kronoberg",2020,0.497912599739756,0.502087400260244,196816.572281874
"Norrbotten",2021,0.523017766583213,0.476982233416787,236423.073964227
"Västerbotten",2021,0.533062758359997,0.466937241640004,260293.799527671
"Jämtland",2021,0.349756916351623,0.650243083648377,127079.286524346
"Dalarna",2021,0.466539942831132,0.533460057168868,282024.351554599
"Värmland",2021,0.502233835528799,0.497766164471201,277138.12568883
"Västra Götaland",2021,0.691261339228027,0.308738660771973,1706120.42126878
"Västernorrland",2021,0.519529222199954,0.480470777800046,229359.194451228
"Gävleborg",2021,0.526822333218208,0.473177666781792,278439.186657505
"Uppsala",2021,0.644413517440973,0.355586482559027,355844.178637743
"Stockholm",2021,0.930002240170025,0.0699977598299749,2430997.34805154
"Södermanland",2021,0.606731461094907,0.393268538905093,289070.890543811
"Östergötland",2021,0.65820760282814,0.34179239717186,469256.660577019
"Kalmar",2021,0.421476973997559,0.578523026002441,230855.326539802
"Blekinge",2021,0.558184472872634,0.441815527127366,146478.967844525
"Skåne",2021,0.708266835107695,0.291733164892305,1392958.16201651
"Halland",2021,0.554012191051701,0.445987808948299,333670.545290512
"Gotland",2021,0.384148824688019,0.615851175311981,56704.9859030026
"Västmanland",2021,0.691198294729253,0.308801705270747,285364.98011323
"Jönköping",2021,0.582023385996502,0.417976614003498,336305.209822006
"Orebro",2021,0.617393811535904,0.382606188464096,297846.401063435
"Kronoberg",2021,0.497912599739756,0.502087400260244,196816.572281874
"Norrbotten",2022,0.523017766583213,0.476982233416787,236423.073964227
"Västerbotten",2022,0.533062758359997,0.466937241640004,260293.799527671
"Jämtland",2022,0.349756916351623,0.650243083648377,127079.286524346
"Dalarna",2022,0.466539942831132,0.533460057168868,282024.351554599
"Värmland",2022,0.502233835528799,0.497766164471201,277138.12568883
"Västra Götaland",2022,0.691261339228027,0.308738660771973,1706120.42126878
"Västernorrland",2022,0.519529222199954,0.480470777800046,229359.194451228
"Gävleborg",2022,0.526822333218208,0.473177666781792,278439.186657505
"Uppsala",2022,0.644413517440973,0.355586482559027,355844.178637743
"Stockholm",2022,0.930002240170025,0.0699977598299749,2430997.34805154
"Södermanland",2022,0.606731461094907,0.393268538905093,289070.890543811
"Östergötland",2022,0.65820760282814,0.34179239717186,469256.660577019
"Kalmar",2022,0.421476973997559,0.578523026002441,230855.326539802
"Blekinge",2022,0.558184472872634,0.441815527127366,146478.967844525
"Skåne",2022,0.708266835107695,0.291733164892305,1392958.16201651
"Halland",2022,0.554012191051701,0.445987808948299,333670.545290512
"Gotland",2022,0.384148824688019,0.615851175311981,56704.9859030026
"Västmanland",2022,0.691198294729253,0.308801705270747,285364.98011323
"Jönköping",2022,0.582023385996502,0.417976614003498,336305.209822006
"Orebro",2022,0.617393811535904,0.382606188464096,297846.401063435
"Kronoberg",2022,0.497912599739756,0.502087400260244,196816.572281874
"Norrbotten",2023,0.523017766583213,0.476982233416787,236423.073964227
"Västerbotten",2023,0.533062758359997,0.466937241640004,260293.799527671
"Jämtland",2023,0.349756916351623,0.650243083648377,127079.286524346
"Dalarna",2023,0.466539942831132,0.533460057168868,282024.351554599
"Värmland",2023,0.502233835528799,0.497766164471201,277138.12568883
"Västra Götaland",2023,0.691261339228027,0.308738660771973,1706120.42126878
"Västernorrland",2023,0.519529222199954,0.480470777800046,229359.194451228
"Gävleborg",2023,0.526822333218208,0.473177666781792,278439.186657505
"Uppsala",2023,0.644413517440973,0.355586482559027,355844.178637743
"Stockholm",2023,0.930002240170025,0.0699977598299749,2430997.34805154
"Södermanland",2023,0.606731461094907,0.393268538905093,289070.890543811
"Östergötland",2023,0.65820760282814,0.34179239717186,469256.660577019
"Kalmar",2023,0.421476973997559,0.578523026002441,230855.326539802
"Blekinge",2023,0.558184472872634,0.441815527127366,146478.967844525
"Skåne",2023,0.708266835107695,0.291733164892305,1392958.16201651
"Halland",2023,0.554012191051701,0.445987808948299,333670.545290512
"Gotland",2023,0.384148824688019,0.615851175311981,56704.9859030026
"Västmanland",2023,0.691198294729253,0.308801705270747,285364.98011323
"Jönköping",2023,0.582023385996502,0.417976614003498,336305.209822006
"Orebro",2023,0.617393811535904,0.382606188464096,297846.401063435
"Kronoberg",2023,0.497912599739756,0.502087400260244,196816.572281874
"Norrbotten",2024,0.523017766583213,0.476982233416787,236423.073964227
"Västerbotten",2024,0.533062758359997,0.466937241640004,260293.799527671
"Jämtland",2024,0.349756916351623,0.650243083648377,127079.286524346
"Dalarna",2024,0.466539942831132,0.533460057168868,282024.351554599
"Värmland",2024,0.502233835528799,0.497766164471201,277138.12568883
"Västra Götaland",2024,0.691261339228027,0.308738660771973,1706120.42126878
"Västernorrland",2024,0.519529222199954,0.480470777800046,229359.194451228
"Gävleborg",2024,0.526822333218208,0.473177666781792,278439.186657505
"Uppsala",2024,0.644413517440973,0.355586482559027,355844.178637743
"Stockholm",2024,0.930002240170025,0.0699977598299749,2430997.34805154
"Södermanland",2024,0.606731461094907,0.393268538905093,289070.890543811
"Östergötland",2024,0.65820760282814,0.34179239717186,469256.660577019
"Kalmar",2024,0.421476973997559,0.578523026002441,230855.326539802
"Blekinge",2024,0.558184472872634,0.441815527127366,146478.967844525
"Skåne",2024,0.708266835107695,0.291733164892305,1392958.16201651
"Halland",2024,0.554012191051701,0.445987808948299,333670.545290512
"Gotland",2024,0.384148824688019,0.615851175311981,56704.9859030026
"Västmanland",2024,0.691198294729253,0.308801705270747,285364.98011323
"Jönköping",2024,0.582023385996502,0.417976614003498,336305.209822006
"Orebro",2024,0.617393811535904,0.382606188464096,297846.401063435
"Kronoberg",2024,0.497912599739756,0.502087400260244,196816.572281874
"Norrbotten",2025,0.52271357653903,0.47728642346097,232920.54402459
"Västerbotten",2025,0.547793774514522,0.452206225485478,260607.346853107
"Jämtland",2025,0.348994066570846,0.651005933429154,126163.079758094
"Dalarna",2025,0.46620386600691,0.53379613399309,282063.204062752
"Värmland",2025,0.503138009696845,0.496861990303155,276256.679126288
"Västra Götaland",2025,0.695927299964614,0.304072700035386,1767891.03390083
"Västernorrland",2025,0.516286927249133,0.483713072750867,227534.254269775
"Gävleborg",2025,0.526006159804794,0.473993840195206,277876.412993636
"Uppsala",2025,0.646389253659918,0.353610746340082,371699.198489086
"Stockholm",2025,0.930599613480353,0.0694003865196469,2594719.44938554
"Södermanland",2025,0.607528723266817,0.392471276733183,296515.54638465
"Östergötland",2025,0.673242801809832,0.326757198190168,483976.54616709
"Kalmar",2025,0.421222002664444,0.578777997335556,229264.211058827
"Blekinge",2025,0.554261325934294,0.445738674065706,148632.163052159
"Skåne",2025,0.712799379666569,0.287200620333431,1466092.76785053
"Halland",2025,0.553101183592678,0.446898816407322,346327.16623343
"Gotland",2025,0.380418250507365,0.619581749492635,56257.6309238304
"Västmanland",2025,0.694184479791831,0.305815520208169,289494.654543694
"Jönköping",2025,0.579757769152275,0.420242230847725,341097.379521694
"Orebro",2025,0.61420730797549,0.38579269202451,302498.894989091
"Kronoberg",2025,0.494635398697128,0.505364601302872,201226.552934286
